ID,Source,Original text,Atomic rule,Naive strength,Applies to,Shared Category,Section context,Notes
SPHINX-DOC-C001,https://www.sphinx-doc.org/en/master/internals/contributing.html | Contribute code | Getting started,Fork the main Sphinx repository (sphinx-doc/sphinx) using the GitHub interface.,Fork the sphinx-doc/sphinx repository on GitHub before making changes.,must,workflow,Git and commit conventions,"""The recommended way for new contributors to submit code to Sphinx is to fork this repository and submit a pull request after committing changes to their fork."" The fork is the stated entry point for the whole submission chain.",Step 2 of the numbered Getting started sequence.
SPHINX-DOC-C002,https://www.sphinx-doc.org/en/master/internals/contributing.html | Contribute code | Getting started,Clone the forked repository to your machine.,Clone your own fork locally and work in that clone.,must,workflow,Git and commit conventions,Step follows directly from the fork step; the section offers no alternative to working from a personal fork.,Step 3 of the numbered Getting started sequence.
SPHINX-DOC-C003,https://www.sphinx-doc.org/en/master/internals/contributing.html | Contribute code | Getting started,Create a new working branch. Choose any name you like.,Create a new working branch for the change instead of committing on master.,must,workflow,Git and commit conventions,"""Choose any name you like."" The section places no constraint on the branch name, only on the existence of a separate branch.","Step 5 of the numbered Getting started sequence. Contrast with SymPy, which constrains the branch name."
SPHINX-DOC-C004,https://www.sphinx-doc.org/en/master/internals/contributing.html | Contribute code | Getting started,Write your code along with tests that shows that the bug was fixed or that the feature works as expected.,Include tests demonstrating the bug fix or the new feature alongside the code change.,must,test,Tests and test style,"Step 6 (""Hack, hack, hack."") states code and tests as a single deliverable; no exception is offered for either bug fixes or features.",Broadest of the three test-inclusion statements on this page; see also C019 and C026.
SPHINX-DOC-C005,https://www.sphinx-doc.org/en/master/internals/contributing.html | Contribute code | Getting started,"Add a bullet point to CHANGES.rst if the fix or feature is not trivial (small doc updates, typo fixes), then commit",Add a bullet point to CHANGES.rst for any change that is not trivial.,must,docs,PR and release metadata,"The parenthesis enumerates what counts as trivial (""small doc updates, typo fixes""), so the exemption is closed rather than open-ended.",Strictest and most precisely scoped of the three CHANGES.rst statements; see C012 and C054.
SPHINX-DOC-C006,https://www.sphinx-doc.org/en/master/internals/contributing.html | Contribute code | Getting started,Push changes in the branch to your forked repository on GitHub:,Push the working branch to your GitHub fork.,must,workflow,Git and commit conventions,Step 8; presupposes the fork created in step 2 and the branch created in step 5.,Step 8 of the numbered Getting started sequence.
SPHINX-DOC-C007,https://www.sphinx-doc.org/en/master/internals/contributing.html | Contribute code | Getting started,Submit a pull request from your branch to the master branch.,Open the pull request against the master branch.,must,PR,PR and release metadata,"Sphinx's default branch is master, not main; the instruction names the target branch exactly.",Step 9 of the numbered Getting started sequence.
SPHINX-DOC-C008,https://www.sphinx-doc.org/en/master/internals/contributing.html | Contribute code | Getting started,"GitHub recognizes certain phrases that can be used to automatically update the issue tracker. For example, including 'Closes #42' in the body of your pull request will close issue #42 if the PR is merged.","Reference the issue being fixed with a closing keyword such as ""Closes #42"" in the pull request body.",maybe,PR,PR and release metadata,"Framed as what GitHub recognises rather than as a requirement; the page offers it as an example, not a mandated format.","Sphinx's analogue of SymPy's autoclose-syntax rules, but stated far more weakly."
SPHINX-DOC-C009,https://www.sphinx-doc.org/en/master/internals/contributing.html | Contribute code,The pull request will then need to be approved by one of the core developers before it is merged into the main repository.,Obtain approval from a core developer before the pull request is merged.,must,PR,PR and release metadata,"Restated in step 10 of Getting started: ""Wait for a core developer or contributor to review your changes.""",Acceptance gate stated twice on the page; both statements name a second human.
SPHINX-DOC-C010,https://www.sphinx-doc.org/en/master/internals/contributing.html | Contribute code | Getting started,"You may be asked to address comments on the review. If so, please avoid force pushing to the branch.",Do not force push to the pull request branch when addressing review comments.,maybe,"commit,workflow",Git and commit conventions,"""Sphinx uses the squash merge strategy when merging PRs, so follow-up commits will all be combined."" The section states the reason the prohibition costs the contributor nothing.","Conditional on a review having happened. Compare Django C044, which states the same prohibition unhedged."
SPHINX-DOC-C011,https://www.sphinx-doc.org/en/master/internals/contributing.html | Contribute code | Coding style,Try to use the same code style as used in the rest of the project.,Match the code style already used in the rest of the project.,maybe,code,Language and framework style,"The section immediately delegates the mechanical part of style to ruff and mypy, leaving this bullet to cover only what the tools do not.",The only prose style rule on the page that is not delegated to a tool.
SPHINX-DOC-C012,https://www.sphinx-doc.org/en/master/internals/contributing.html | Contribute code | Coding style,"For non-trivial changes, please update the CHANGES.rst file.",Update CHANGES.rst for non-trivial changes.,must,docs,PR and release metadata,"Repeats the Getting started step without its parenthesised definition of ""trivial"", so it is the vaguer of the two.","Same obligation as C005, stated a second time on the same page."
SPHINX-DOC-C013,https://www.sphinx-doc.org/en/master/internals/contributing.html | Contribute code | Coding style,"If your changes alter existing behavior, please document this.",Document any change that alters existing behaviour.,must,docs,Documentation and docstrings,"Attached to the CHANGES.rst bullet, but names no file and no place where the documentation should go.","Trigger is ""changes alter existing behavior"", which the section does not define."
SPHINX-DOC-C014,https://www.sphinx-doc.org/en/master/internals/contributing.html | Contribute code | Coding style,New features should be documented.,Document every new feature that the change adds.,maybe,docs,Documentation and docstrings,"The two following sentences (""Include examples and use cases where appropriate. If possible, include a sample..."") hedge the elaboration, not the core obligation to document.",Applies only if the change adds a new feature.
SPHINX-DOC-C015,https://www.sphinx-doc.org/en/master/internals/contributing.html | Contribute code | Coding style,Include examples and use cases where appropriate.,Include examples and use cases in the documentation for a new feature.,maybe,docs,Documentation and docstrings,"""where appropriate"" is left entirely to the contributor; the page gives no test for appropriateness.",Elaboration of C014.
SPHINX-DOC-C016,https://www.sphinx-doc.org/en/master/internals/contributing.html | Contribute code | Coding style,"If possible, include a sample that is displayed in the generated output.",Include a sample in the documentation that appears in the generated output.,maybe,docs,Documentation and docstrings,"""If possible"" is an explicit escape hatch, and ""displayed in the generated output"" can only be confirmed by building and reading the docs.",Elaboration of C014.
SPHINX-DOC-C017,https://www.sphinx-doc.org/en/master/internals/contributing.html | Contribute code | Coding style,"When adding a new configuration variable, be sure to document it and update sphinx/cmd/quickstart.py if it's important enough.",Document any new configuration variable in the configuration documentation.,must,docs,Documentation and docstrings,"The sentence links ""document it"" to doc/usage/configuration.rst via a :doc: reference, so the destination is named even though the prose does not spell it out.","Applies only if the change adds a new configuration variable. The ""if it's important enough"" hedge attaches to the quickstart.py clause only, split out as C018."
SPHINX-DOC-C018,https://www.sphinx-doc.org/en/master/internals/contributing.html | Contribute code | Coding style,"When adding a new configuration variable, be sure to document it and update sphinx/cmd/quickstart.py if it's important enough.",Update sphinx/cmd/quickstart.py when adding an important new configuration variable.,maybe,code,Specialized changes,"""if it's important enough"" is the contributor's call and the page gives no threshold.",Applies only if the change adds a new configuration variable. Second atom of the same sentence as C017.
SPHINX-DOC-C019,https://www.sphinx-doc.org/en/master/internals/contributing.html | Contribute code | Coding style,Add appropriate unit tests.,Add unit tests covering the change.,must,test,Tests and test style,Bare bullet in a list whose other items are equally terse; the Unit tests section below is where the same obligation is spelled out.,"Same obligation as C004, restated without the demonstration requirement."
SPHINX-DOC-C020,https://www.sphinx-doc.org/en/master/internals/contributing.html | Contribute code | Coding style,Style and type checks can be run as follows: uv run ruff check / uv run ruff format / uv run mypy,Ensure the change passes ruff's lint checks.,maybe,code,Code and quality,"The identical three commands are the ruff/mypy jobs in .github/workflows/lint.yml, which runs on every push and pull request, and the tox lint environment carries the comment ""If you update any of these commands, don't forget to update the equivalent GitHub Workflow step"".","First of three atoms split from one code block; Original text is the shared source block. CI job: lint.yml ""ruff"" step ""ruff check --output-format=github""."
SPHINX-DOC-C021,https://www.sphinx-doc.org/en/master/internals/contributing.html | Contribute code | Coding style,Style and type checks can be run as follows: uv run ruff check / uv run ruff format / uv run mypy,Format the code with ruff format.,maybe,code,Code and quality,"Same section context as C020; lint.yml runs ""ruff format --diff"", which fails the build on any unformatted file.","Second of three atoms split from one code block. Sphinx has no .pre-commit-config.yaml, so nothing rewrites files at commit time."
SPHINX-DOC-C022,https://www.sphinx-doc.org/en/master/internals/contributing.html | Contribute code | Coding style,Style and type checks can be run as follows: uv run ruff check / uv run ruff format / uv run mypy,Ensure the change type-checks cleanly under mypy.,maybe,code,Code and quality,"Same section context as C020; lint.yml runs a dedicated mypy job, plus pyright and ty jobs the documentation does not mention.","Third of three atoms split from one code block. pyright and ty are CI-only and produce no rows, per the manifest's context-only treatment of workflow files."
SPHINX-DOC-C023,https://www.sphinx-doc.org/en/master/internals/contributing.html | Contribute code | Unit tests,"To run Python unit tests, we recommend using tox, which provides a number of targets and allows testing against multiple different Python environments",Run the Python unit tests locally before submitting the change.,maybe,test,Tests and test style,"The section immediately offers two documented alternatives: ""You can also test by installing dependencies in your local environment: uv run pytest"" and ""Or with pip: python -m pip install . --group test; pytest"".","The obligation is that the tests are run, not that tox is the runner."
SPHINX-DOC-C024,https://www.sphinx-doc.org/en/master/internals/contributing.html | Contribute code | Unit tests,"To run JavaScript tests, use npm: npm install / npm run test",Run the JavaScript test suite with npm when the change touches JavaScript.,must,test,Tests and test style,"A tip below notes ""jasmine requires a Firefox binary to use as a test browser"", which conditions the environment but not the obligation.",Applies only if the change adds or modifies JavaScript under sphinx/themes or tests/js.
SPHINX-DOC-C025,https://www.sphinx-doc.org/en/master/internals/contributing.html | Contribute code | Unit tests,New unit tests should be included in the tests/ directory where necessary,Place new unit tests in the tests/ directory.,maybe,test,Tests and test style,"""where necessary"" governs whether a new test is needed at all, not where it goes; the three bullets that follow all assume tests/ as the location.",Location rule; the sibling bullets C026 and C027 govern the content and the module.
SPHINX-DOC-C026,https://www.sphinx-doc.org/en/master/internals/contributing.html | Contribute code | Unit tests,"For bug fixes, first add a test that fails without your changes and passes after they are applied.","For a bug fix, add a test that fails before the patch is applied and passes after it.",must,test,Tests and test style,"Stated as an ordering requirement (""first add a test""), so the section asks for a demonstrated failure, not merely the presence of a test.",Applies only if the change is a bug fix. Distinct from C004: this one is only satisfiable by running the test twice.
SPHINX-DOC-C027,https://www.sphinx-doc.org/en/master/internals/contributing.html | Contribute code | Unit tests,Tests that need a sphinx-build run should be integrated in one of the existing test modules if possible.,Add tests that require a sphinx-build run to an existing test module.,maybe,test,Tests and test style,"""if possible"" is an explicit permission to create a new module where integration does not work.",Applies only if the new test needs a sphinx-build run.
SPHINX-DOC-C028,https://www.sphinx-doc.org/en/master/internals/contributing.html | Contribute code | Unit tests,"Tests should be quick and only test the relevant components, as we aim that the test suite should not take more than a minute to run.",Keep new tests fast and narrowly scoped.,maybe,test,Tests and test style,"The one-minute figure is stated as a project aim for the whole suite (""we aim that""), not as a budget for an individual test.","No per-test threshold is given, so the numeric limit cannot be attributed to any one contribution."
SPHINX-DOC-C029,https://www.sphinx-doc.org/en/master/internals/contributing.html | Contribute code | Unit tests,"In general, avoid using the app fixture and app.build() unless a full integration test is required.",Avoid the app fixture and app.build() in new tests.,maybe,test,Tests and test style,"Doubly hedged: ""In general"" and ""unless a full integration test is required"" both licence deviation, and the section does not say what makes a test a full integration test.",Names two exact tokens but attaches an open exception to both.
SPHINX-DOC-C030,https://www.sphinx-doc.org/en/master/internals/contributing.html | Contribute documentation,Contributing to documentation involves modifying the source files found in the doc/ folder.,Make documentation changes in the source files under doc/.,must,docs,Documentation and docstrings,"Sphinx's own documentation is built from doc/ by the tox docs environment and by .github/workflows/builddoc.yml, so the folder is the only source of the published docs.",Locational conformance obligation extracted once from a descriptive sentence.
SPHINX-DOC-C031,https://www.sphinx-doc.org/en/master/internals/contributing.html | Contribute documentation | Build the documentation,"To build the documentation, run the following command: sphinx-build -M html ./doc ./build/sphinx --fail-on-warning",Build the documentation with sphinx-build using --fail-on-warning.,must,docs,Documentation and docstrings,"The same --fail-on-warning invocation is the tox docs environment and the builddoc.yml CI job, so a warning is a build failure rather than a note.","Applies only if the contributor chooses to build the documentation. sphinx-autobuild is offered below as a preview alternative, not as a substitute for the checked build."
SPHINX-DOC-C032,https://www.sphinx-doc.org/en/master/internals/contributing.html | Translations,"We do not accept pull requests altering the translation files directly. Instead, please contribute translations via the Transifex platform.",Do not modify the gettext translation files directly in a pull request.,prohibited,code,Specialized changes,"""Translated strings from the platform are pulled into the Sphinx repository by a maintainer before a new release."" The section names the sanctioned alternative route, so the prohibition is absolute rather than a preference.",Covers sphinx/locale/**/*.po and sphinx/locale/sphinx.pot.
SPHINX-DOC-C033,https://www.sphinx-doc.org/en/master/internals/contributing.html | Updating generated files,JavaScript stemming algorithms in sphinx/search/non-minified-js/*.js and stopword files in sphinx/search/_stopwords/ are generated from the Snowball project by running utils/generate_snowball.py.,Regenerate the search stemmers and stopword files with utils/generate_snowball.py rather than editing them by hand.,must,code,Specialized changes,"The whole section is titled ""Updating generated files"" and exists to say which files must not be hand-edited.","Applies only if the change touches sphinx/search/non-minified-js/ or sphinx/search/_stopwords/. Conformance obligation extracted once, not one row per generated file."
SPHINX-DOC-C034,https://www.sphinx-doc.org/en/master/internals/contributing.html | Updating generated files,Minified files in sphinx/search/minified-js/*.js are generated from non-minified ones using uglifyjs (installed via npm).,Regenerate the minified search JavaScript from the non-minified sources with uglifyjs.,must,code,Specialized changes,"""See sphinx/search/minified-js/README.rst."" The section points at a repository file for the exact invocation; that file was not fetched and produces no rows.",Applies only if the change touches sphinx/search/minified-js/ or its non-minified sources.
SPHINX-DOC-C035,https://www.sphinx-doc.org/en/master/internals/contributing.html | Updating generated files,The searchindex.js files found in the tests/js/fixtures/* directories are generated by using the standard Sphinx HTML builder on the corresponding input projects found in tests/js/roots/* ... and can be regenerated by running the utils/generate_js_fixtures.py script.,Regenerate the tests/js/fixtures searchindex.js files with utils/generate_js_fixtures.py.,must,test,Specialized changes,"""The fixtures provide test data used by the Sphinx JavaScript unit tests"" — the section explains that hand-edited fixtures would silently invalidate the JS tests.",Applies only if the change touches tests/js/roots/ or tests/js/fixtures/.
SPHINX-DOC-C036,https://www.sphinx-doc.org/en/master/internals/ai-policy.html | Responsibility,"You are responsible for any code you submit to Sphinx's repositories, regardless of whether it was manually written or generated by AI.",Take responsibility for all submitted code whether written by hand or generated by AI.,must,code,AI-assisted contribution policy,Opening sentence of the policy; the two sentences that follow convert it into the concrete obligations C037 and C039.,Framing statement for the Responsibility section.
SPHINX-DOC-C037,https://www.sphinx-doc.org/en/master/internals/ai-policy.html | Responsibility,You must understand and be able to explain the code you submit as well as the existing related code.,Understand and be able to explain the submitted code and the surrounding existing code.,must,code,AI-assisted contribution policy,"Extended beyond the diff to ""the existing related code"", so the obligation is about the contributor's grasp of the codebase, not about anything in the patch.",Phrased as a capability of the submitter rather than a property of the artifact.
SPHINX-DOC-C038,https://www.sphinx-doc.org/en/master/internals/ai-policy.html | Responsibility,It is not acceptable to submit a patch that you cannot understand and explain yourself.,Do not submit a patch you cannot understand and explain yourself.,prohibited,code,AI-assisted contribution policy,Immediately follows C037 and restates it as a prohibition; no new condition is introduced.,Negative restatement of C037 in the same paragraph.
SPHINX-DOC-C039,https://www.sphinx-doc.org/en/master/internals/ai-policy.html | Responsibility,"In explaining your contribution, do not use AI to automatically generate comments, pull request descriptions, or issue descriptions.",Do not use AI to automatically generate code comments.,prohibited,code,AI-assisted contribution policy,"The prohibition is unqualified and sits in the Responsibility section, whose premise is that explanation must come from the contributor.","First atom of a three-target prohibition; the comments target lands inside the diff, unlike the other two."
SPHINX-DOC-C040,https://www.sphinx-doc.org/en/master/internals/ai-policy.html | Responsibility,"In explaining your contribution, do not use AI to automatically generate comments, pull request descriptions, or issue descriptions.",Do not use AI to automatically generate pull request or issue descriptions.,prohibited,PR,AI-assisted contribution policy,Same sentence as C039; these two targets are prose objects that live on GitHub rather than in the repository.,Second atom of the same sentence as C039.
SPHINX-DOC-C041,https://www.sphinx-doc.org/en/master/internals/ai-policy.html | Disclosure,You must disclose whether AI has been used to assist in the development of your pull request.,Disclose whether AI was used in developing the pull request.,must,PR,AI-assisted contribution policy,"""We will reject any pull request that does not include the disclosure."" The section states the consequence outright, making disclosure a condition of acceptance.","The PR template reserves a dedicated ""AI Disclosure"" heading for this."
SPHINX-DOC-C042,https://www.sphinx-doc.org/en/master/internals/ai-policy.html | Disclosure,"If so, you must document which tool(s) have been used, how they were used, and specify what code or text is AI generated.",Document which AI tools were used and how they were used.,must,PR,AI-assisted contribution policy,Same rejection consequence as C041 applies; the section gives no minimal form for the disclosure beyond the three required facts.,First atom of a bundled three-part disclosure requirement. Applies only where AI was used.
SPHINX-DOC-C043,https://www.sphinx-doc.org/en/master/internals/ai-policy.html | Disclosure,"If so, you must document which tool(s) have been used, how they were used, and specify what code or text is AI generated.",Specify which code or text in the contribution is AI generated.,must,PR,AI-assisted contribution policy,Same sentence as C042; this atom asks for a mapping onto the diff rather than a statement about tooling.,Second atom of the same sentence as C042. Applies only where AI was used.
SPHINX-DOC-C044,https://www.sphinx-doc.org/en/master/internals/ai-policy.html | Code Quality,Contributors are expected to submit code that meets Sphinx's standards.,Submit code that meets Sphinx's quality standards.,must,code,Code and quality,"The section names no standard and points to no style guide; the concrete standards live on the contributing page as ruff, mypy and the test rules.",Umbrella statement for the Code Quality section.
SPHINX-DOC-C045,https://www.sphinx-doc.org/en/master/internals/ai-policy.html | Code Quality,"We will reject pull requests that we deem to be ""AI slop"".",Do not submit pull requests that maintainers would judge to be AI slop.,prohibited,PR,AI-assisted contribution policy,"""we deem"" places the determination with the maintainers, and the term is defined only by an external Wikipedia link.",The rejection criterion is explicitly a maintainer judgement.
SPHINX-DOC-C046,https://www.sphinx-doc.org/en/master/internals/ai-policy.html | Code Quality,"Do not waste developers' time by submitting code that is fully or mostly generated by AI, and doesn't meet our standards.",Do not submit code that is mostly AI generated and below Sphinx's standards.,prohibited,code,AI-assisted contribution policy,The prohibition is a conjunction: AI-generated *and* substandard. AI generation alone is not forbidden anywhere in the policy.,Both conjuncts must hold; the second is the same undefined standard as C044.
SPHINX-DOC-C047,https://www.sphinx-doc.org/en/master/internals/ai-policy.html | Copyright,That means contributors must own the copyright of any code submitted to Sphinx or must include the BSD two clause compatible open source license(s) associated with the submitted code in the patch.,"Own the copyright of submitted code, or include a BSD-2-clause-compatible licence for it in the patch.",must,code,AI-assisted contribution policy,"""All code in Sphinx is released under the two clause BSD copyright license."" The disjunction gives a contributor who does not own the code a documented way to comply.","Applies only where the contributor does not own the copyright of some submitted code, which is a fact about provenance rather than about the patch."
SPHINX-DOC-C048,https://www.sphinx-doc.org/en/master/internals/ai-policy.html | Copyright,Code generated by AI may infringe on copyright and it is the submitter's responsibility to not infringe.,Ensure AI-generated code in the contribution does not infringe copyright.,must,code,AI-assisted contribution policy,"""We reserve the right to reject any pull requests, AI-generated or not, where the copyright is in question."" The section states a consequence but offers no way to establish non-infringement.",Infringement cannot be determined from the patch.
SPHINX-DOC-C049,https://www.sphinx-doc.org/en/master/internals/ai-policy.html | Communication,"When interacting with developers (forums, discussions, issues, pull requests, etc.) do not use AI to speak for you, except for translation or grammar editing.","Do not use AI to write your communications with developers, except for translation or grammar editing.",prohibited,PR,AI-assisted contribution policy,"""Human-to-human communication is essential for an open source community to thrive."" The exception for translation and grammar editing is written into the rule itself.",All four named venues are GitHub or forum surfaces.
SPHINX-DOC-C050,https://www.sphinx-doc.org/en/master/internals/ai-policy.html | AI Agents,The use of an AI agent that writes code and then submits a pull request autonomously is not permitted.,Do not let an AI agent write code and open a pull request autonomously.,prohibited,"workflow,PR",AI-assisted contribution policy,"Unconditional, with its own heading; the following sentence supplies the required alternative rather than an exception.","The prohibition targets the autonomous write-and-submit sequence, not the use of AI as such."
SPHINX-DOC-C051,https://www.sphinx-doc.org/en/master/internals/ai-policy.html | AI Agents,A human must check any generated code and submit a pull request according to the 'Responsibility' section above.,Have a human review the generated code and submit the pull request.,must,PR,AI-assisted contribution policy,"Immediately follows C050 as its positive counterpart, and cross-references the Responsibility section.",Requires a human actor in the submission chain.
SPHINX-DOC-C052,https://github.com/sphinx-doc/sphinx/blob/master/.github/PULL_REQUEST_TEMPLATE.md | Purpose,"A description of the purpose of this pull request. Ensure that all relevant information is included for reviewers, including any environment-specific details.",Describe the purpose of the pull request and include the information reviewers need.,must,PR,PR and release metadata,"HTML comment under the ""## Purpose"" heading of the template; comments are stripped from GitHub's rendered view.","Extracted from the raw template file, not the rendered view."
SPHINX-DOC-C053,https://github.com/sphinx-doc/sphinx/blob/master/.github/PULL_REQUEST_TEMPLATE.md | Purpose,"If you plan to add tests or documentation after opening this PR, please note it here.",Note in the pull request when tests or documentation are still to come.,must,PR,PR and release metadata,Bullet inside the same Purpose HTML comment; conditional on the contribution being incomplete at opening time.,Applies only if tests or docs are deferred past PR opening.
SPHINX-DOC-C054,https://github.com/sphinx-doc/sphinx/blob/master/.github/PULL_REQUEST_TEMPLATE.md | Purpose,"For user-visible changes, remember to add an entry to CHANGES.rst.",Add a CHANGES.rst entry for user-visible changes.,must,docs,PR and release metadata,"The template's trigger is ""user-visible"", where the contributing page's trigger is ""not trivial""; neither document reconciles the two.",Third statement of the CHANGES.rst obligation; see C005 and C012.
SPHINX-DOC-C055,https://github.com/sphinx-doc/sphinx/blob/master/.github/PULL_REQUEST_TEMPLATE.md | Purpose,Please add your name to AUTHORS.rst if you haven't already!,Add your name to AUTHORS.rst if it is not already there.,must,"docs,PR",PR and release metadata,"Bullet inside the Purpose HTML comment; the condition ""if you haven't already"" is about the contributor's history, not the change.",Applies only if the contributor is not already listed in AUTHORS.rst.
SPHINX-DOC-C056,https://github.com/sphinx-doc/sphinx/blob/master/.github/PULL_REQUEST_TEMPLATE.md | References,"Please add any relevant links here, especially including any GitHub issues or Pull Requests that this PR would resolve.",Link the GitHub issues or pull requests the change resolves in the References section.,must,PR,PR and release metadata,"""This helps to ensure that reviewers have context from previous discussions or decisions."" The template supplies three empty bullet placeholders for the links.","Template section with placeholder bullets ""- <...>""."
SPHINX-DOC-C057,https://github.com/sphinx-doc/sphinx/blob/master/.github/PULL_REQUEST_TEMPLATE.md | AI Disclosure,"If AI was used in the preparation of this pull request, please disclose the tool(s) used, how they were used, and specify what code or text is AI generated.","Disclose the AI tools used, how they were used, and what is AI generated.",must,PR,AI-assisted contribution policy,"""Please read our policy on AI generated code: https://www.sphinx-doc.org/en/master/internals/ai-policy.html"" The template defers to the policy page for the binding wording.",Restates the Disclosure section of the AI policy inside the template.
SPHINX-DOC-C058,https://github.com/sphinx-doc/sphinx/blob/master/.github/PULL_REQUEST_TEMPLATE.md | AI Disclosure,"If no AI tools were used, please write ""No AI tools used"" in this section.","Write ""No AI tools used"" in the AI Disclosure section when no AI tools were used.",must,PR,AI-assisted contribution policy,"Supplies the exact string for the negative case, which the policy page does not.",Applies only where no AI tool was used; the positive case is C057.
SPHINX-DOC-C059,https://github.com/sphinx-doc/sphinx/blob/master/.github/PULL_REQUEST_TEMPLATE.md | AI Disclosure,"In particular, all interaction is to be done by humans, including submission of pull requests.","Have humans perform all project interaction, including submitting the pull request.",must,"workflow,PR",AI-assisted contribution policy,"Final line of the template's AI Disclosure comment, generalising the policy page's AI Agents section.","Same obligation as C050, stated more broadly and more weakly."
SPHINX-DOC-C060,https://www.sphinx-doc.org/en/master/internals/release-process.html | Deprecating a feature,"As the deprecation policy describes, the first release of Sphinx that deprecates a feature (A.B) should raise a RemovedInSphinxXXWarning (where XX is the Sphinx version where the feature will be removed) when the deprecated feature is invoked.",Raise a RemovedInSphinxXXWarning when a newly deprecated feature is invoked.,maybe,code,Specialized changes,"The parenthesis fixes the naming scheme exactly, and the deprecation policy section below fixes which version XX must name.",Applies only if the change deprecates a feature.
SPHINX-DOC-C061,https://www.sphinx-doc.org/en/master/internals/release-process.html | Deprecating a feature,"Thus, when adding a RemovedInSphinxXXWarning you need to eliminate or silence any warnings generated when running the tests.",Eliminate or silence the deprecation warnings a new RemovedInSphinxXXWarning raises in the test suite.,must,"test,code",Specialized changes,"""Assuming we have good test coverage, these warnings are converted to errors when running the test suite with warnings enabled: pytest -Wall"", and tox sets PYTHONWARNINGS = error for every test environment.",Applies only if the change adds a RemovedInSphinxXXWarning. Directly comparable to Django C082.
SPHINX-DOC-C062,https://www.sphinx-doc.org/en/master/internals/release-process.html | Deprecation policy,"If a feature is deprecated in a release A.x, it will continue to work in all A.x.x versions (for all versions of x). It will continue to work in all B.x.x versions but raise deprecation warnings. Deprecated features will be removed at the C.0.0.",Do not remove a deprecated feature before the second major release after its deprecation.,must,code,Specialized changes,"""It means the deprecated feature will work during 2 MAJOR releases at least."" The section restates the span as an explicit minimum.",Applies only if the change removes a deprecated feature. Stated descriptively; the contributor-facing obligation is the removal window.
